,Unnamed: 0,global_id,Caption,NameOfStation,lat,long
0,0,1773539,metro,Китай-город,55.7573154,37.6316766
1,1,1773540,metro,Китай-город,55.756855,37.631205
2,2,1773541,metro,Китай-город,55.7572362,37.6319506
3,3,1773542,metro,Китай-город,55.753098,37.633082
4,4,1773543,metro,Китай-город,55.753072,37.633559
5,5,1773544,metro,Китай-город,55.7541345,37.6341765
6,6,1773545,metro,Китай-город,55.754114,37.634966
7,7,1773546,metro,Китай-город,55.75664,37.629468
8,8,1773547,metro,Калужская,55.6553856,37.5392381
9,9,1773548,metro,Братиславская,55.660114,37.7526435
10,10,1773549,metro,Братиславская,55.6600507,37.7517426
11,11,1773550,metro,Бульвар адмирала Ушакова,55.5450107,37.5416454
12,12,1773551,metro,Бульвар Дмитрия Донского,55.570289,37.576311
13,13,1773552,metro,Бульвар Дмитрия Донского,55.57014,37.577084
14,14,1773553,metro,Бунинская аллея,55.5376805,37.5149399
15,15,1773554,metro,Варшавская,55.653075,37.61792
16,16,1773555,metro,Варшавская,55.653163,37.620706
17,17,1773556,metro,Калужская,55.6563232,37.5402196
18,18,1773557,metro,Калужская,55.6581538,37.5409869
19,19,1773558,metro,Кантемировская,55.634606,37.65712
20,20,1773559,metro,Кантемировская,55.635106,37.657574
21,21,1773560,metro,Кантемировская,55.63673,37.655263
22,22,1773562,metro,Калужская,55.6578591,37.5418665
23,23,1773563,metro,Кантемировская,55.636917,37.656097
24,24,1773564,metro,Братиславская,55.6599107,37.7521499
25,25,1773565,metro,Беговая,55.7733859,37.54459
26,26,1773566,metro,Беговая,55.774,37.5446657
27,27,1773567,metro,Беговая,55.7732229,37.5488844
28,28,1773568,metro,Беговая,55.774375,37.549137
29,29,1773569,metro,Белорусская,55.7753945,37.5826448
30,30,1773570,metro,Белорусская,55.777269,37.58217
31,31,1773571,metro,Белорусская,55.777448,37.585696
32,32,1773572,metro,Беляево,55.6418619,37.5253262
33,33,1773573,metro,Беляево,55.64149,37.5258884
34,34,1773574,metro,Беляево,55.643846,37.5267264
35,35,1773577,metro,Киевская,55.742922,37.564427
36,36,1773579,metro,Киевская,55.743792,37.567119
37,37,1773580,metro,Киевская,55.743743,37.56757
38,38,1773581,metro,Китай-город,55.756247,37.630006
39,39,1773582,metro,Китай-город,55.757007,37.630777
40,40,1773583,metro,Калужская,55.655638,37.538449
41,41,1773584,metro,Калужская,55.6565991,37.5393716
42,42,1773592,metro,Водный стадион,55.839091,37.487262
43,43,1773593,metro,Войковская,55.8198862,37.4966084
44,44,1773594,metro,Войковская,55.8200536,37.4978475
45,45,1773595,metro,Владыкино,55.8483448,37.5903673
46,46,1773596,metro,Водный стадион,55.8405471,37.4861169
47,47,1773597,metro,Войковская,55.8180816,37.4980328
48,48,1773598,metro,Войковская,55.8183579,37.4990514
49,49,1773599,metro,Войковская,55.8178071,37.4995989
50,50,1773600,metro,Волгоградский проспект,55.7256857,37.685034
51,51,1773601,metro,Волжская,55.6907047,37.7564272
52,52,1773602,metro,Волоколамская,55.836391,37.381439
53,53,1773603,metro,Волоколамская,55.834667,37.383293
54,54,1773604,metro,Воробьёвы горы,55.709398,37.557696
55,55,1773605,metro,Воробьёвы горы,55.7117344,37.5616417
56,56,1773606,metro,Воробьёвы горы,55.71191,37.561082
57,57,1773607,metro,Воробьёвы горы,55.708847,37.557116
58,58,1773610,metro,Выхино,55.7158154,37.8191351
59,59,1773611,metro,Выхино,55.716297,37.817477
60,60,1773612,metro,Выставочный центр,55.8242068,37.6386606
61,61,1773613,metro,Динамо,55.790523,37.556447
62,62,1773614,metro,Динамо,55.7889852,37.559939
63,63,1773615,metro,Дмитровская,55.807873,37.580249
64,64,1773616,metro,Дмитровская,55.8080919,37.5814213
65,65,1773617,metro,Добрынинская,55.7290528,37.6227295
66,66,1773618,metro,Домодедовская,55.610926,37.716543
67,67,1773619,metro,Беляево,55.643437,37.5272094
68,68,1773620,metro,Бибирево,55.884046,37.6046466
69,69,1773621,metro,Бибирево,55.884215,37.601567
70,70,1773622,metro,Бибирево,55.88357,37.605269
71,71,1773623,metro,Александровский сад,55.7522884,37.6086853
72,72,1773624,metro,Борисово,55.6323743,37.7434206
73,73,1773625,metro,Борисово,55.6340555,37.7445891
74,74,1773626,metro,Ботанический сад,55.8459341,37.638487
75,75,1773627,metro,Варшавская,55.6535532,37.6179177
76,76,1773628,metro,Варшавская,55.6536989,37.6230912
77,77,1773629,metro,ВДНХ,55.8224642,37.6413856
78,78,1773630,metro,ВДНХ,55.8196763,37.6407422
79,79,1773631,metro,ВДНХ,55.8200023,37.6396426
80,80,1773633,metro,Ботанический сад,55.8466671,37.6389383
81,81,1773634,metro,Ботанический сад,55.843831,37.637514
82,82,1773635,metro,ВДНХ,55.82028,37.639943
83,83,1773637,metro,Волгоградский проспект,55.724559,37.687808
84,84,1773638,metro,Волжская,55.6911954,37.7511401
85,85,1773639,metro,Домодедовская,55.610256,37.71815
86,86,1773640,metro,ВДНХ,55.819972,37.641058
87,87,1773641,metro,Волжская,55.6910781,37.7515886
88,88,1773642,metro,Волжская,55.690745,37.7552393
89,89,1773643,metro,Домодедовская,55.610249,37.716894
90,90,1773644,metro,Домодедовская,55.6099729,37.7175836
91,91,1773645,metro,Домодедовская,55.610893,37.720888
92,92,1773646,metro,Дмитровская,55.807779,37.580614
93,93,1773647,metro,Дмитровская,55.8081488,37.5818692
94,94,1773648,metro,Дубровка,55.7178288,37.6762283
95,95,1773649,metro,Зябликово,55.6134881,37.745559
96,96,1773650,metro,Зябликово,55.6133905,37.744236
97,97,1773651,metro,Измайловская,55.7877899,37.7798923
98,98,1773652,metro,Измайловская,55.7878638,37.7833622
99,99,1773653,metro,Коньково,55.6343754,37.5189922
100,100,1773654,metro,Коньково,55.632188,37.519367
101,101,1773655,metro,Коньково,55.63465,37.519875
102,102,1773656,metro,Коньково,55.6340114,37.5199465
103,103,1773657,metro,Коньково,55.633854,37.52053
104,104,1773658,metro,Красногвардейская,55.6142123,37.746215
105,105,1773659,metro,Красногвардейская,55.6136532,37.7462738
106,106,1773660,metro,Красногвардейская,55.6136652,37.7466762
107,107,1773661,metro,Красногвардейская,55.6142302,37.7465907
108,108,1773662,metro,Красногвардейская,55.6134561,37.7424333
109,109,1773663,metro,Орехово,55.6138351,37.6935179
110,110,1773664,metro,Орехово,55.6141812,37.6940766
111,111,1773665,metro,Отрадное,55.862542,37.604393
112,112,1773666,metro,Отрадное,55.864331,37.605332
113,113,1773667,metro,Отрадное,55.864174,37.606024
114,114,1773668,metro,Отрадное,55.862857,37.603694
115,115,1773669,metro,Охотный ряд,55.7569836,37.6145304
116,116,1773670,metro,Охотный ряд,55.756888,37.614546
117,117,1773671,metro,Красногвардейская,55.6140271,37.7428056
118,118,1773672,metro,Красногвардейская,55.6134786,37.7429054
119,119,1773673,metro,Красногвардейская,55.6140076,37.7423932
120,120,1773674,metro,Краснопресненская,55.760413,37.5769305
121,121,1773675,metro,Красносельская,55.7799823,37.6660804
122,122,1773676,metro,Красные ворота,55.768377,37.648027
123,123,1773677,metro,Красные ворота,55.7697611,37.6503572
124,124,1773678,metro,Крестьянская застава,55.7323251,37.6655383
125,125,1773679,metro,Кропоткинская,55.7456522,37.6053316
126,126,1773680,metro,Кропоткинская,55.7449791,37.6015583
127,127,1773681,metro,Крылатское,55.757872,37.407313
128,128,1773682,metro,Крылатское,55.755583,37.407621
129,129,1773683,metro,Крылатское,55.755375,37.408601
130,130,1773684,metro,Крылатское,55.757724,37.408585
131,131,1773685,metro,Крылатское,55.757423,37.40738
132,132,1773686,metro,Крылатское,55.758057,37.408542
133,133,1773687,metro,Крылатское,55.755663,37.408899
134,134,1773688,metro,Крылатское,55.755342,37.407686
135,135,1773689,metro,Новые Черёмушки,55.671235,37.555321
136,136,1773690,metro,Октябрьская,55.729349,37.611311
137,137,1773691,metro,Октябрьская,55.7313189,37.6126133
138,138,1773692,metro,Октябрьское поле,55.7939801,37.4922446
139,139,1773693,metro,Октябрьское поле,55.7941438,37.4919278
140,140,1773694,metro,Октябрьское поле,55.7941853,37.4925294
141,141,1773695,metro,Октябрьское поле,55.7943253,37.4922657
142,142,1773696,metro,Новые Черёмушки,55.671056,37.55586
143,143,1773697,metro,Октябрьское поле,55.7928291,37.4944062
144,144,1773698,metro,Китай-город,55.753728,37.635364
145,145,1773699,metro,Кожуховская,55.70614,37.685432
146,146,1773700,metro,Кожуховская,55.706341,37.685532
147,147,1773701,metro,Коломенская,55.676834,37.6627956
148,148,1773702,metro,Коломенская,55.677695,37.662975
149,149,1773703,metro,Коломенская,55.679291,37.663336
150,150,1773704,metro,Коломенская,55.676735,37.664333
151,151,1773705,metro,Коломенская,55.6776258,37.6645394
152,152,1773706,metro,Коломенская,55.679487,37.664952
153,153,1773707,metro,Коломенская,55.679214,37.664904
154,154,1773708,metro,Коломенская,55.6795598,37.6634398
155,155,1773709,metro,Комсомольская,55.775717,37.655289
156,156,1773710,metro,Комсомольская,55.7753031,37.6558575
157,157,1773711,metro,Комсомольская,55.7749342,37.6563189
158,158,1773712,metro,Комсомольская,55.77673,37.655917
159,159,1773713,metro,Комсомольская,55.7755021,37.656078
160,160,1773714,metro,Комсомольская,55.775835,37.655895
161,161,1773715,metro,Коньково,55.6325183,37.5180365
162,162,1773716,metro,Новослободская,55.779503,37.601021
163,163,1773717,metro,Новоясеневская,55.601448,37.553025
164,164,1773718,metro,Новоясеневская,55.6019926,37.5528887
165,165,1773719,metro,Новые Черёмушки,55.6696118,37.5536016
166,166,1773720,metro,Новые Черёмушки,55.6694298,37.5541228
167,167,1773721,metro,Октябрьское поле,55.7927107,37.494672
168,168,1773722,metro,Октябрьское поле,55.7930327,37.494715
169,169,1773723,metro,Октябрьское поле,55.7929182,37.4949407
170,170,1773724,metro,Орехово,55.612207,37.695852
171,171,1773725,metro,Ленинский проспект,55.708543,37.587564
172,172,1773726,metro,Лубянка,55.759018,37.626024
173,173,1773727,metro,Лубянка,55.758812,37.626322
174,174,1773728,metro,Лубянка,55.758934,37.627157
175,175,1773729,metro,Лубянка,55.759222,37.628067
176,176,1773730,metro,Лубянка,55.760009,37.627963
177,177,1773731,metro,Лубянка,55.759583,37.628469
178,178,1773732,metro,Лубянка,55.759958,37.628384
179,179,1773733,metro,Лубянка,55.758992,37.625869
180,180,1773734,metro,Люблино,55.674484,37.7610191
181,181,1773735,metro,Люблино,55.6767171,37.7618126
182,182,1773736,metro,Лубянка,55.759369,37.628323
183,183,1773737,metro,Люблино,55.6770532,37.7618992
184,184,1773738,metro,Люблино,55.6771029,37.7621184
185,185,1773739,metro,Люблино,55.677062,37.7627843
186,186,1773740,metro,Люблино,55.6769211,37.7629313
187,187,1773741,metro,Марксистская,55.74062,37.656456
188,188,1773742,metro,Марксистская,55.741077,37.656675
189,189,1773743,metro,Марьина роща,55.7935291,37.6168452
190,190,1773744,metro,Марьина роща,55.793534,37.615858
191,191,1773745,metro,Марьина роща,55.7971408,37.6169578
192,192,1773746,metro,Марьино,55.651296,37.743716
193,193,1773747,metro,Марьино,55.6510084,37.7438447
194,194,1773748,metro,Марьино,55.6491637,37.7438608
195,195,1773750,metro,Марьино,55.649279,37.744483
196,196,1773751,metro,Марьино,55.648937,37.744606
197,197,1773752,metro,Кузнецкий мост,55.761541,37.624185
198,198,1773753,metro,Кузьминки,55.705308,37.763751
199,199,1773754,metro,Кузьминки,55.7060321,37.7640246
200,200,1773755,metro,Кузьминки,55.704826,37.767415
201,201,1773757,metro,Кунцевская,55.730675,37.445477
202,202,1773758,metro,Кунцевская,55.73082,37.446469
203,203,1773759,metro,Кунцевская,55.730541,37.445568
204,204,1773760,metro,Кунцевская,55.730666,37.446528
205,205,1773761,metro,Курская,55.758613,37.658992
206,206,1773762,metro,Курская,55.7585107,37.6601558
207,207,1773763,metro,Курская,55.757855,37.660164
208,208,1773764,metro,Курская,55.7561757,37.6599122
209,209,1773765,metro,Кутузовская,55.7394196,37.5347739
210,210,1773766,metro,Кутузовская,55.7405718,37.534101
211,211,1773767,metro,Ленинский проспект,55.706913,37.585043
212,212,1773768,metro,Марьино,55.651236,37.743045
213,213,1773769,metro,Марьино,55.6509113,37.7431633
214,214,1773770,metro,Маяковская,55.771143,37.594548
215,215,1773771,metro,Маяковская,55.76926,37.596533
216,216,1773772,metro,Нагорная,55.6728519,37.6110945
217,217,1773773,metro,Нахимовский проспект,55.663502,37.6062028
218,218,1773774,metro,Нахимовский проспект,55.6635432,37.6069995
219,219,1773775,metro,Нахимовский проспект,55.661613,37.6041081
220,220,1773776,metro,Нахимовский проспект,55.6617517,37.6047437
221,221,1773777,metro,Нахимовский проспект,55.6637839,37.6061591
222,222,1773778,metro,Новогиреево,55.7522622,37.8145804
223,223,1773779,metro,Новогиреево,55.751722,37.81491
224,224,1773780,metro,Новогиреево,55.7512382,37.8185824
225,225,1773781,metro,Новогиреево,55.7516932,37.8184026
226,226,1773782,metro,Новокосино,55.7461213,37.8655979
227,227,1773783,metro,Новокосино,55.744476,37.8658385
228,228,1773784,metro,Новокосино,55.743829,37.862832
229,229,1773785,metro,Новокосино,55.7441695,37.8623576
230,230,1773786,metro,Новокосино,55.745471,37.861671
231,231,1773789,metro,Пятницкое шоссе,55.8546831,37.354253
232,232,1773790,metro,Пятницкое шоссе,55.855143,37.354014
233,233,1773791,metro,Пятницкое шоссе,55.855288,37.353016
234,234,1773794,metro,Телецентр,55.8217898,37.609212
235,235,1773795,metro,Тёплый стан,55.619857,37.505166
236,236,1773796,metro,Тёплый стан,55.6198202,37.5063141
237,237,1773797,metro,Медведково,55.886025,37.661274
238,238,1773798,metro,Митино,55.845533,37.363824
239,239,1773799,metro,Митино,55.846763,37.361271
240,240,1773800,metro,Митино,55.845982,37.360512
241,241,1773801,metro,Молодёжная,55.741246,37.415869
242,242,1773802,metro,Молодёжная,55.740201,37.417866
243,243,1773803,metro,Мякинино,55.82354,37.385197
244,244,1773804,metro,Нагатинская,55.6822357,37.6209364
245,245,1773805,metro,Нагатинская,55.682143,37.621332
246,246,1773806,metro,Охотный ряд,55.757306,37.614745
247,247,1773807,metro,Охотный ряд,55.757195,37.615083
248,248,1773808,metro,Охотный ряд,55.7566567,37.6156184
249,249,1773809,metro,Охотный ряд,55.75608,37.617727
250,250,1773810,metro,Охотный ряд,55.756804,37.61563
251,251,1773811,metro,Павелецкая,55.7313438,37.6362414
252,252,1773812,metro,Нагатинская,55.682188,37.621783
253,253,1773813,metro,Нагатинская,55.68417,37.6227098
254,254,1773814,metro,Нагорная,55.6729139,37.6103001
255,255,1773815,metro,Павелецкая,55.729861,37.639543
256,256,1773817,metro,Парк культуры,55.7360872,37.5949799
257,257,1773818,metro,Парк Победы,55.73644,37.51592
258,258,1773819,metro,Парк Победы,55.735804,37.517105
259,259,1773820,metro,Парк Победы,55.73631,37.517599
260,260,1773821,metro,Парк Победы,55.735922,37.517692
261,261,1773822,metro,Парк Победы,55.736633,37.517273
262,262,1773823,metro,Партизанская,55.7884901,37.7496596
263,263,1773824,metro,Медведково,55.8879931,37.6614571
264,264,1773825,metro,Международная,55.747892,37.533378
265,265,1773826,metro,Менделеевская,55.7814401,37.5987019
266,266,1773827,metro,Менделеевская,55.781943,37.599007
267,267,1773828,metro,Менделеевская,55.7816926,37.5984772
268,268,1773829,metro,Митино,55.846255,37.359469
269,269,1773830,metro,Митино,55.846321,37.361159
270,270,1773831,metro,Митино,55.844829,37.363396
271,271,1773832,metro,Митино,55.847006,37.360486
272,272,1773833,metro,Пражская,55.6115949,37.6032311
273,273,1773834,metro,Преображенская площадь,55.795534,37.7148632
274,274,1773835,metro,Преображенская площадь,55.7953081,37.7148765
275,275,1773836,metro,Преображенская площадь,55.796922,37.716974
276,276,1773837,metro,Преображенская площадь,55.795982,37.71706
277,277,1773838,metro,Преображенская площадь,55.7968666,37.7166493
278,278,1773839,metro,Преображенская площадь,55.796064,37.717543
279,279,1773840,metro,Пролетарская,55.7317821,37.664368
280,280,1773841,metro,Пролетарская,55.7312101,37.6645773
281,281,1773842,metro,Пролетарская,55.73131,37.664926
282,282,1773843,metro,Проспект Вернадского,55.6778375,37.5071875
283,283,1773844,metro,Проспект Мира,55.7819543,37.633349
284,284,1773845,metro,Проспект Мира,55.7795686,37.6335334
285,285,1773846,metro,Профсоюзная,55.6772799,37.5618179
286,286,1773847,metro,Профсоюзная,55.6770979,37.5623706
287,287,1773848,metro,Профсоюзная,55.6788868,37.5635613
288,288,1773849,metro,Профсоюзная,55.6786988,37.5640979
289,289,1773850,metro,Пушкинская,55.7654151,37.6038161
290,290,1773852,metro,Полянка,55.7368106,37.6186237
291,291,1773854,metro,Пражская,55.613775,37.604379
292,292,1773855,metro,Пражская,55.6114647,37.604446
293,293,1773856,metro,Пражская,55.6110863,37.6047469
294,294,1773857,metro,Пражская,55.6136747,37.6048726
295,295,1773858,metro,Пражская,55.6114306,37.6025606
296,296,1773859,metro,Пражская,55.6109456,37.6024484
297,297,1773860,metro,Первомайская,55.795712,37.799006
298,298,1773861,metro,Первомайская,55.793647,37.799096
299,299,1773862,metro,Первомайская,55.795727,37.79961
300,300,1773863,metro,Первомайская,55.79365,37.799751
301,301,1773864,metro,Перово,55.7511859,37.7844802
302,302,1773865,metro,Перово,55.750977,37.784195
303,303,1773866,metro,Перово,55.7511446,37.7850385
304,304,1773867,metro,Перово,55.751753,37.788378
305,305,1773868,metro,Перово,55.75124,37.788346
306,306,1773869,metro,Пионерская,55.736059,37.467458
307,307,1773871,metro,Планерная,55.8595651,37.4367687
308,308,1773872,metro,Площадь Ильича,55.747275,37.6807937
309,309,1773873,metro,Площадь Революции,55.756397,37.623306
310,310,1773875,metro,Полежаевская,55.7776443,37.5172062
311,311,1773876,metro,Полежаевская,55.7770229,37.5171557
312,312,1773877,metro,Полежаевская,55.7775861,37.5176384
313,313,1773878,metro,Петровско-Разумовская,55.836665,37.5756124
314,314,1773879,metro,Печатники,55.692654,37.727827
315,315,1773880,metro,Печатники,55.6928903,37.7278293
316,316,1773881,metro,Печатники,55.692389,37.728458
317,317,1773882,metro,Печатники,55.692675,37.7284457
318,318,1773883,metro,Пионерская,55.735944,37.466756
319,319,1773884,metro,Полежаевская,55.777657,37.5215
320,320,1773886,metro,Полежаевская,55.77796,37.521486
321,321,1773887,metro,Тёплый стан,55.6196587,37.5071612
322,322,1773888,metro,Тургеневская,55.7654719,37.6366194
323,323,1773889,metro,Тургеневская,55.7653368,37.6369063
324,324,1773890,metro,Тушинская,55.8256692,37.4360367
325,325,1773891,metro,Тушинская,55.8254341,37.4370076
326,326,1773892,metro,Тушинская,55.8273392,37.4374154
327,327,1773893,metro,Тушинская,55.8281911,37.4380376
328,328,1773894,metro,Улица Горчакова,55.5420806,37.5319534
329,329,1773895,metro,Улица 1905 года,55.765435,37.560437
330,330,1773896,metro,Филёвский парк,55.739437,37.4829878
331,331,1773898,metro,Фили,55.74529,37.515767
332,332,1773899,metro,Фрунзенская,55.7274309,37.5805775
333,333,1773900,metro,Царицыно,55.6222568,37.6682219
334,334,1773901,metro,Царицыно,55.62263,37.668722
335,335,1773902,metro,Царицыно,55.6224821,37.668925
336,336,1773903,metro,Царицыно,55.6204932,37.6698636
337,337,1773904,metro,Царицыно,55.620199,37.6704
338,338,1773905,metro,Тёплый стан,55.6195654,37.5060675
339,339,1773906,metro,Тёплый стан,55.617601,37.508677
340,340,1773907,metro,Тимирязевская,55.818659,37.574511
341,341,1773908,metro,Тимирязевская,55.818747,37.575101
342,342,1773909,metro,Тимирязевская,55.8188162,37.5780576
343,343,1773910,metro,Третьяковская,55.740683,37.625617
344,344,1773911,metro,Трубная,55.7678427,37.6218566
345,345,1773912,metro,Тульская,55.70783,37.622461
346,346,1773913,metro,Тульская,55.709564,37.62259
347,347,1773914,metro,Пролетарская,55.732291,37.668333
348,348,1773915,metro,Проспект Вернадского,55.6765476,37.5045266
349,349,1773916,metro,Проспект Вернадского,55.6766633,37.5047335
350,350,1773917,metro,Проспект Вернадского,55.6763594,37.5052562
351,351,1773918,metro,Проспект Вернадского,55.676238,37.5050632
352,352,1773919,metro,Проспект Вернадского,55.6759002,37.5052832
353,353,1773920,metro,Проспект Вернадского,55.6761702,37.5057448
354,354,1773921,metro,Пролетарская,55.732445,37.6680428
355,355,1773922,metro,Пролетарская,55.7319672,37.6677589
356,356,1773923,metro,Лермонтовский проспект,55.7007835,37.853893
357,357,1773924,metro,Боровицкая,55.7505094,37.6091093
358,358,1773928,metro,Охотный ряд,55.758683,37.617566
359,359,1773930,metro,Свиблово,55.8543991,37.6514459
360,360,1773931,metro,Свиблово,55.855739,37.654372
361,361,1773932,metro,Севастопольская,55.6516395,37.5981861
362,362,1773933,metro,Севастопольская,55.651406,37.5981808
363,363,1773934,metro,Севастопольская,55.65096,37.5986848
364,364,1773935,metro,Севастопольская,55.6511966,37.5986795
365,365,1773936,metro,Семёновская,55.78315566,37.71929008
366,366,1773937,metro,Серпуховская,55.726855,37.6248829
367,367,1773938,metro,Улица 1905 года,55.765717,37.560177
368,368,1773939,metro,Улица академика Янгеля,55.5942546,37.6011148
369,369,1773940,metro,Бульвар Рокоссовского,55.8149979,37.7321792
370,370,1773941,metro,Бульвар Рокоссовского,55.8154001,37.7329306
371,371,1773942,metro,Бульвар Рокоссовского,55.8132836,37.7351755
372,372,1773943,metro,Бульвар Рокоссовского,55.813449,37.7352186
373,373,1773944,metro,Серпуховская,55.726788,37.62576
374,374,1773945,metro,Славянский бульвар,55.728974,37.468856
375,375,1773946,metro,Славянский бульвар,55.729345,37.47293
376,376,1773947,metro,Славянский бульвар,55.730202,37.473107
377,377,1773948,metro,Славянский бульвар,55.730934,37.472431
378,378,1773949,metro,Смоленская,55.747952,37.583806
379,379,1773950,metro,Смоленская,55.749036,37.5822488
380,380,1773951,metro,Сокол,55.8045014,37.51424
381,381,1773952,metro,Сокол,55.8055344,37.5150184
382,382,1773953,metro,Сокол,55.80434,37.515679
383,383,1773954,metro,Сокол,55.8050244,37.5163929
384,384,1773955,metro,Сокол,55.804935,37.5167424
385,385,1773956,metro,Рижская,55.7926231,37.6359244
386,386,1773958,metro,Римская,55.746441,37.681359
387,387,1773959,metro,Рязанский проспект,55.7162448,37.7926457
388,388,1773961,metro,Савёловская,55.793958,37.590304
389,389,1773962,metro,Савёловская,55.7940558,37.5871596
390,390,1773963,metro,Свиблово,55.856086,37.653862
391,391,1773964,metro,Свиблово,55.8547925,37.6514186
392,392,1773965,metro,Сокол,55.804217,37.5162194
393,393,1773966,metro,Сокольники,55.789304,37.679849
394,394,1773967,metro,Сокольники,55.789257,37.679521
395,395,1773968,metro,Спортивная,55.7222857,37.5618704
396,396,1773969,metro,Спортивная,55.7238319,37.5656975
397,397,1773970,metro,Сретенский бульвар,55.766097,37.637075
398,398,1773972,metro,Строгино,55.803709,37.401437
399,399,1773973,metro,Строгино,55.804446,37.401883
400,400,1773974,metro,Сухаревская,55.772245,37.632071
401,401,1773975,metro,Сухаревская,55.772318,37.632951
402,402,1773976,metro,Сходненская,55.8514481,37.4386091
403,403,1773977,metro,Сходненская,55.8515991,37.4388612
404,404,1773978,metro,Сходненская,55.849603,37.439262
405,405,1773979,metro,Жулебино,55.6841436,37.8554017
406,406,1773980,metro,Строгино,55.803098,37.404255
407,407,1773981,metro,Строгино,55.803813,37.404768
408,408,1773982,metro,Студенческая,55.738902,37.548298
409,409,1773983,metro,Шоссе Энтузиастов,55.7576076,37.7518838
410,410,1773984,metro,Жулебино,55.68613,37.8565123
411,411,1773985,metro,Жулебино,55.686196,37.857681
412,412,1773986,metro,Жулебино,55.685816,37.857292
413,413,1773987,metro,Жулебино,55.6848651,37.8549507
414,414,1773988,metro,Жулебино,55.6848442,37.854404
415,415,1773989,metro,Жулебино,55.6846472,37.8541303
416,416,1773990,metro,Жулебино,55.684466,37.8557874
417,417,1773991,metro,Жулебино,55.6836776,37.8547418
418,418,1773992,metro,Улица 1905 года,55.763895,37.562145
419,419,1773993,metro,Улица академика Королёва,55.8218212,37.6265474
420,420,1773994,metro,Улица академика Янгеля,55.5958068,37.6001871
421,421,1773995,metro,Улица академика Янгеля,55.5944718,37.6004819
422,422,1773996,metro,Улица академика Янгеля,55.5961437,37.6012648
423,423,1773997,metro,Улица академика Янгеля,55.5941275,37.6018926
424,424,1773998,metro,Улица академика Янгеля,55.595992,37.6027031
425,425,1773999,metro,Улица Милашенкова,55.821901,37.591282
426,426,1774001,metro,Чкаловская,55.756228,37.660159
427,427,1774002,metro,Деловой центр,55.749036,37.537593
428,428,1774003,metro,Лесопарковая,55.5816216,37.5778946
429,429,1774004,metro,Улица Скобелевская,55.5477054,37.5533041
430,430,1774006,metro,Университет,55.6916707,37.534935
431,431,1774007,metro,Университет,55.6933978,37.5346985
432,432,1774008,metro,Филёвский парк,55.7396228,37.4836294
433,433,1774009,metro,Битцевский парк,55.6004415,37.556297
434,434,1774010,metro,Пятницкое шоссе,55.857343,37.355271
435,435,1774011,metro,Пятницкое шоссе,55.854904,37.352861
436,436,1774012,metro,Митино,55.845982,37.360024
437,437,1774013,metro,Митино,55.846461,37.359332
438,438,1774014,metro,Митино,55.84469,37.363736
439,439,1774017,metro,Мякинино,55.826292,37.385342
440,440,1774018,metro,Бульвар Рокоссовского,55.8141349,37.7356549
441,441,1774019,metro,Улица Сергея Эйзенштейна,55.8294285,37.6449918
442,442,1774020,metro,Строгино,55.803867,37.400553
443,443,1774021,metro,Строгино,55.804598,37.401208
444,444,1774022,metro,Строгино,55.802894,37.405145
445,445,1774023,metro,Строгино,55.803625,37.405607
446,446,1774026,metro,Киевская,55.743095,37.564813
447,447,1774027,metro,Царицыно,55.6197162,37.6706788
448,448,1774028,metro,Черкизовская,55.805133,37.7445447
449,449,1774029,metro,Черкизовская,55.8048131,37.7445503
450,450,1774030,metro,Черкизовская,55.8027347,37.7444641
451,451,1774031,metro,Чертановская,55.640738,37.605022
452,452,1774032,metro,Чертановская,55.6399002,37.608036
453,453,1774035,metro,Чеховская,55.765792,37.608605
454,454,1774036,metro,Сходненская,55.8492989,37.4393629
455,455,1774037,metro,Сходненская,55.851709,37.440023
456,456,1774038,metro,Сходненская,55.8515441,37.4403099
457,457,1774039,metro,Сходненская,55.849722,37.44072
458,458,1774040,metro,Сходненская,55.8492661,37.4406824
459,459,1774041,metro,Сходненская,55.849604,37.441083
460,460,1774042,metro,Таганская,55.7393895,37.6529419
461,461,1774043,metro,Таганская,55.7396869,37.6534996
462,462,1774044,metro,Таганская,55.7395075,37.653618
463,463,1774045,metro,Чистые пруды,55.7649693,37.6382452
464,464,1774046,metro,Шоссе Энтузиастов,55.758527,37.751631
465,465,1774047,metro,Таганская,55.7423722,37.6535961
466,466,1774049,metro,Текстильщики,55.708138,37.729918
467,467,1774050,metro,Текстильщики,55.708983,37.733556
468,468,1774051,metro,Текстильщики,55.709499,37.733305
469,469,1774053,metro,Текстильщики,55.708977,37.73322
470,470,1774054,metro,Домодедовская,55.611579,37.720775
471,471,1774055,metro,Алма-Атинская,55.6334736,37.7650605
472,472,1774056,metro,Площадь Ильича,55.7464401,37.6790124
473,473,1774059,metro,Шоссе Энтузиастов,55.758464,37.7513205
474,474,1774060,metro,Шоссе Энтузиастов,55.758443,37.751679
475,475,1774061,metro,Перово,55.751243,37.784696
476,476,1774062,metro,Домодедовская,55.610832,37.720523
477,477,1774063,metro,Шаболовская,55.718765,37.6081344
478,478,1774064,metro,Шипиловская,55.6221781,37.7439051
479,479,1774065,metro,Шипиловская,55.62029,37.7442272
480,480,1774066,metro,Шипиловская,55.6221086,37.7425049
481,481,1774067,metro,Щёлковская,55.809924,37.799173
482,482,1774068,metro,Щёлковская,55.809836,37.798304
483,483,1774069,metro,Щёлковская,55.808367,37.798438
484,484,1774070,metro,Щёлковская,55.810575,37.798828
485,485,1774071,metro,Щёлковская,55.810529,37.79829
486,486,1774072,metro,Щёлковская,55.808374,37.798854
487,487,1774073,metro,Щукинская,55.8089913,37.4629558
488,488,1774074,metro,Щукинская,55.8093474,37.4632352
489,489,1774075,metro,Щукинская,55.8077329,37.4654909
490,490,1774076,metro,Щукинская,55.807997,37.465866
491,491,1774077,metro,Электрозаводская,55.782136,37.705514
492,492,1774078,metro,Юго-Западная,55.6627839,37.4820889
493,493,1774079,metro,Юго-Западная,55.6629904,37.4821613
494,494,1774080,metro,Юго-Западная,55.6625384,37.4831377
495,495,1774081,metro,Юго-Западная,55.6645394,37.4842914
496,496,1774082,metro,Юго-Западная,55.6643713,37.4841919
497,497,1774083,metro,Юго-Западная,55.6627638,37.4832504
498,498,1774084,metro,Юго-Западная,55.6646016,37.4831888
499,499,1774085,metro,Юго-Западная,55.6647681,37.4833208
500,500,1774086,metro,Южная,55.6213608,37.6077169
501,501,1774087,metro,Южная,55.6235439,37.6090425
502,502,1774088,metro,Южная,55.6209851,37.6090099
503,503,1774089,metro,Южная,55.623323,37.6098201
504,504,1774090,metro,Сретенский бульвар,55.766286,37.636316
505,505,1774092,metro,Савёловская,55.793108,37.589704
506,506,1774093,metro,Савёловская,55.79377,37.585234
507,507,1774094,metro,Савёловская,55.793586,37.584376
508,508,1774096,metro,Тимирязевская,55.8190858,37.5749218
509,509,1774097,metro,Тимирязевская,55.8189829,37.5743134
510,510,1774098,metro,Шипиловская,55.6201443,37.7432401
511,511,1774099,metro,Ясенево,55.6055443,37.5348837
512,512,1774100,metro,Ясенево,55.6061274,37.5351978
513,513,1774101,metro,Ясенево,55.6066073,37.5329575
514,514,1774102,metro,Ясенево,55.6065836,37.5314215
515,515,1774103,metro,Ясенево,55.6068801,37.5316246
516,516,1774104,metro,Ясенево,55.606294,37.5312065
517,517,1774105,metro,Ясенево,55.6056622,37.5343397
518,518,1774106,metro,Ясенево,55.6062454,37.5346237
519,519,1774107,metro,Цветной бульвар,55.771733,37.620746
520,520,1774109,metro,Домодедовская,55.6099419,37.7172912
521,521,1774110,metro,Домодедовская,55.610644,37.716669
522,522,1774111,metro,Домодедовская,55.6112163,37.7180771
523,523,1774112,metro,Бульвар Дмитрия Донского,55.568672,37.575167
524,524,1774113,metro,Бульвар Дмитрия Донского,55.568525,37.575896
525,525,1774114,metro,Улица Скобелевская,55.5484399,37.5562869
526,526,1774115,metro,Выхино,55.7154339,37.8186793
527,527,1774116,metro,Жулебино,55.6864963,37.856904
528,528,1774117,metro,Каширская,55.654154,37.6477302
529,529,1774118,metro,Каширская,55.6543598,37.6473058
530,530,1774119,metro,Каширская,55.6557509,37.6500394
531,531,1774120,metro,Каширская,55.6559507,37.6496074
532,532,1774121,metro,Кантемировская,55.636453,37.655505
533,533,1774122,metro,Кантемировская,55.634831,37.657816
534,534,1774125,metro,Домодедовская,55.610022,37.7182563
535,535,1774126,metro,Сретенский бульвар,55.7663191,37.6366915
536,536,1774130,metro,Достоевская,55.7816457,37.6141122
537,537,1774131,metro,Достоевская,55.781279,37.614141
538,538,1774132,metro,Достоевская,55.781204,37.613435
539,539,1774133,metro,Марьина роща,55.793739,37.615957
540,540,1774134,metro,Бульвар Дмитрия Донского,55.568022,37.576568
541,541,1774135,metro,Бульвар Дмитрия Донского,55.56832,37.5768837
542,542,1774136,metro,Бульвар Дмитрия Донского,55.569988,37.577874
543,543,1774137,metro,Бульвар Дмитрия Донского,55.570296,37.578132
544,544,1774138,metro,Бульвар Дмитрия Донского,55.5706249,37.5766966
545,545,1774139,metro,Аннино,55.5835081,37.5971905
546,546,1774142,metro,Улица академика Янгеля,55.596086,37.601979
547,547,1774143,metro,Пражская,55.6104776,37.602867
548,548,1774144,metro,Пражская,55.6106299,37.6044868
549,549,1774145,metro,Пражская,55.613286,37.6047011
550,550,1774146,metro,Пражская,55.613371,37.60417
551,551,1774147,metro,Южная,55.6211368,37.6079826
552,552,1774148,metro,Южная,55.6216015,37.6092995
553,553,1774149,metro,Южная,55.6233815,37.6085884
554,554,1774150,metro,Южная,55.6228155,37.6097177
555,555,1774151,metro,Чертановская,55.6410713,37.6045774
556,556,1774152,metro,Чертановская,55.641728,37.604834
557,557,1774153,metro,Чертановская,55.641913,37.605188
558,558,1774154,metro,Чертановская,55.640484,37.605497
559,559,1774155,metro,Чертановская,55.640415,37.605674
560,560,1774156,metro,Нагатинская,55.68186,37.620974
561,561,1774157,metro,Нагатинская,55.684112,37.6236051
562,562,1774158,metro,Нагатинская,55.6838692,37.623651
563,563,1774159,metro,Чеховская,55.7660404,37.6081884
564,564,1774160,metro,Чеховская,55.765875,37.607782
565,565,1774161,metro,Чеховская,55.765593,37.608125
566,566,1774165,metro,Белорусская,55.7775707,37.5821305
567,567,1774167,metro,Маяковская,55.769542,37.597155
568,568,1774170,metro,Новокузнецкая,55.742303,37.629602
569,569,1774171,metro,Измайловская,55.787619,37.779864
570,570,1774172,metro,Измайловская,55.7877293,37.7833601
571,571,1774180,metro,Речной вокзал,55.854286,37.476757
572,572,1774183,metro,Войковская,55.8196524,37.4967874
573,573,1774184,metro,Сокол,55.8054549,37.5153342
574,574,1774187,metro,Речной вокзал,55.855784,37.475765
575,575,1774190,metro,Тургеневская,55.7657457,37.6375314
576,576,1774191,metro,Сухаревская,55.77295,37.632861
577,577,1774192,metro,Сухаревская,55.773015,37.631842
578,578,1774198,metro,Ботанический сад,55.846664,37.6393029
579,579,1774199,metro,Перово,55.7506879,37.785092
580,580,1774200,metro,Новогиреево,55.752147,37.815213
581,581,1774201,metro,Новогиреево,55.7518282,37.8143874
582,582,1774202,metro,Новогиреево,55.751609,37.8188234
583,583,1774203,metro,Новогиреево,55.7513073,37.8181855
584,584,1774204,metro,Тёплый стан,55.6178525,37.5082986
585,585,1774205,metro,Тёплый стан,55.6174952,37.5078859
586,586,1774206,metro,Тёплый стан,55.6173485,37.5083041
587,587,1774207,metro,Тёплый стан,55.620127,37.5054604
588,588,1774208,metro,Коньково,55.631832,37.519068
589,589,1774209,metro,Коньково,55.6321937,37.5178067
590,590,1774210,metro,Коньково,55.6341265,37.5191636
591,591,1774211,metro,Коньково,55.6347764,37.5193886
592,592,1774212,metro,Беляево,55.64166,37.5252102
593,593,1774213,metro,Беляево,55.641667,37.52602
594,594,1774214,metro,Беляево,55.643566,37.526585
595,595,1774215,metro,Беляево,55.6436769,37.5273536
596,596,1774216,metro,Калужская,55.657582,37.541653
597,597,1774217,metro,Новые Черёмушки,55.669269,37.5539665
598,598,1774218,metro,Новые Черёмушки,55.6710722,37.5551472
599,599,1774220,metro,Октябрьская,55.729146,37.610957
600,600,1774222,metro,Калужская,55.656396,37.539267
601,601,1774223,metro,Калужская,55.656039,37.539891
602,602,1774224,metro,Калужская,55.65792,37.540724
603,603,1774225,metro,Свиблово,55.8546056,37.65118
604,604,1774226,metro,Бабушкинская,55.868448,37.663208
605,605,1774227,metro,Бабушкинская,55.8707105,37.6643751
606,606,1774228,metro,Бабушкинская,55.870572,37.665231
607,607,1774233,metro,Перово,55.750544,37.784787
608,608,1774234,metro,Новые Черёмушки,55.670868,37.555662
609,609,1774235,metro,Профсоюзная,55.6771381,37.5616571
610,610,1774236,metro,Профсоюзная,55.676938,37.562204
611,611,1774237,metro,Профсоюзная,55.6787501,37.5634052
612,612,1774238,metro,Профсоюзная,55.6785501,37.5639475
613,613,1774239,metro,Академическая,55.6870202,37.5722186
614,614,1774240,metro,Академическая,55.6868261,37.5729207
615,615,1774241,metro,Академическая,55.6887732,37.5740988
616,616,1774242,metro,Академическая,55.6885839,37.5748037
617,617,1774245,metro,Шаболовская,55.7187168,37.6078527
618,618,1774247,metro,Китай-город,55.753211,37.633601
619,619,1774248,metro,Китай-город,55.753031,37.633214
620,620,1774249,metro,Китай-город,55.7570083,37.6318543
621,621,1774257,metro,Зябликово,55.611072,37.74495
622,622,1774258,metro,Петровско-Разумовская,55.8366001,37.5752041
623,623,1774259,metro,Владыкино,55.8460782,37.5894504
624,624,1774261,metro,Отрадное,55.862508,37.603396
625,625,1774262,metro,Преображенская площадь,55.7959432,37.7136586
626,626,1774263,metro,Преображенская площадь,55.7953691,37.7139381
627,627,1774264,metro,Шипиловская,55.6200017,37.7443096
628,628,1774265,metro,Братиславская,55.6590471,37.7498276
629,629,1774266,metro,Дубровка,55.7180916,37.6769216
630,630,1774267,metro,Римская,55.746918,37.680107
631,631,1774268,metro,Чкаловская,55.7559672,37.6581527
632,632,1774270,metro,Преображенская площадь,55.7952782,37.7142113
633,633,1774271,metro,Преображенская площадь,55.796357,37.7173709
634,634,1774272,metro,Преображенская площадь,55.796439,37.717312
635,635,1774273,metro,Черкизовская,55.8027286,37.7450544
636,636,1774274,metro,Жулебино,55.6842382,37.8542378
637,637,1774275,metro,Лермонтовский проспект,55.702099,37.849848
638,638,1774276,metro,Лермонтовский проспект,55.701738,37.850545
639,639,1774278,metro,Лермонтовский проспект,55.7005819,37.8525934
640,640,1774279,metro,Отрадное,55.862289,37.604135
641,641,1774280,metro,Бибирево,55.8838921,37.6042175
642,642,1774281,metro,Бибирево,55.883398,37.604883
643,643,1774282,metro,Бибирево,55.884416,37.601348
644,644,1774283,metro,Алтуфьево,55.8969868,37.5865234
645,645,1774284,metro,Алтуфьево,55.8966671,37.5877304
646,646,1774285,metro,Алтуфьево,55.8991659,37.5878807
647,647,1774286,metro,Алтуфьево,55.8988252,37.5864325
648,648,1774294,metro,Кропоткинская,55.7458379,37.6053881
649,649,1774298,metro,Охотный ряд,55.758783,37.617952
650,650,1774302,metro,Чистые пруды,55.7648289,37.6385347
651,651,1774305,metro,Комсомольская,55.774493,37.655702
652,652,1774306,metro,Комсомольская,55.7741984,37.6558441
653,653,1774307,metro,Комсомольская,55.7762387,37.6562468
654,654,1774311,metro,Преображенская площадь,55.7963262,37.7138546
655,655,1774312,metro,Преображенская площадь,55.7962682,37.7135247
656,656,1774313,metro,Белорусская,55.777624,37.58613
657,657,1774317,metro,Комсомольская,55.7750909,37.6565984
658,658,1774319,metro,Парк культуры,55.735313,37.593328
659,659,1774323,metro,Фили,55.746817,37.513817
660,660,1774324,metro,Фили,55.746908,37.51408
661,661,1774326,metro,Александровский сад,55.7522387,37.611553
662,662,1774328,metro,Выставочная,55.748092,37.543971
663,663,1774329,metro,Выставочная,55.750071,37.542796
664,664,1774330,metro,Автозаводская,55.7064354,37.6573197
665,665,1774332,metro,Алтуфьево,55.8992238,37.5864266
666,666,1774333,metro,Алтуфьево,55.8967211,37.5865178
667,667,1774334,metro,Алтуфьево,55.8970019,37.5877138
668,668,1774335,metro,Алтуфьево,55.898762,37.5878484
669,669,1774336,metro,Аннино,55.5838306,37.5966171
670,670,1774337,metro,Александровский сад,55.7519886,37.610305
671,671,1774338,metro,Александровский сад,55.7518779,37.6123922
672,672,1774339,metro,Александровский сад,55.7525264,37.6106381
673,673,1774340,metro,Алексеевская,55.8079292,37.6385402
674,674,1774341,metro,Аннино,55.5814637,37.5962094
675,675,1774342,metro,Арбатская,55.752386,37.603279
676,676,1774343,metro,Арбатская,55.7521203,37.6016349
677,677,1774344,metro,Аэропорт,55.8004,37.53066
678,678,1774345,metro,Аэропорт,55.8010499,37.5319322
679,679,1774346,metro,Аэропорт,55.799983,37.5343722
680,680,1774347,metro,Аэропорт,55.8013396,37.5318511
681,681,1774348,metro,Бабушкинская,55.868764,37.6633714
682,682,1774349,metro,Бабушкинская,55.8704586,37.6642327
683,683,1774350,metro,Бабушкинская,55.870296,37.6650695
684,684,1774351,metro,Багратионовская,55.74366,37.497393
685,685,1774352,metro,Багратионовская,55.743873,37.498136
686,686,1774353,metro,Баррикадная,55.760671,37.581254
687,687,1774354,metro,Автозаводская,55.7085971,37.6573731
688,688,1774355,metro,Автозаводская,55.7084422,37.6582104
689,689,1774356,metro,Академическая,55.6871598,37.572374
690,690,1774357,metro,Академическая,55.6869507,37.5730611
691,691,1774358,metro,Академическая,55.6886305,37.5739375
692,692,1774359,metro,Академическая,55.6883706,37.5745675
693,693,1774360,metro,Александровский сад,55.7522365,37.6101956
694,694,1774361,metro,Алма-Атинская,55.6321187,37.7668521
695,695,1774362,metro,Лермонтовский проспект,55.699823,37.853175
696,696,1774363,metro,Лермонтовский проспект,55.699664,37.853435
697,697,1774364,metro,Кузьминки,55.705595,37.7673191
698,698,1774365,metro,Кузьминки,55.704878,37.766992
699,699,1774366,metro,Кузьминки,55.705971,37.7644433
700,700,1774367,metro,Кузьминки,55.705253,37.764105
701,701,1774368,metro,Текстильщики,55.709554,37.733535
702,702,1774369,metro,Текстильщики,55.70855,37.729033
703,703,1774371,metro,Рязанский проспект,55.717709,37.793673
704,704,1774372,metro,Волгоградский проспект,55.725542,37.685442
705,705,1774375,metro,Планерная,55.8617814,37.4359691
706,706,1774377,metro,Выхино,55.7162301,37.8178371
707,707,1774378,metro,Выхино,55.7160518,37.8170054
708,708,1774380,metro,Бауманская,55.772359,37.678778
709,709,1774381,metro,Братиславская,55.6592742,37.7496881
710,710,1774382,metro,Братиславская,55.6587008,37.7489423
711,711,1774383,metro,Авиамоторная,55.7515696,37.7164033
712,712,1774384,metro,Авиамоторная,55.7516802,37.7163711
713,713,1774385,metro,Авиамоторная,55.7519564,37.7167999
714,714,1774386,metro,Авиамоторная,55.7512426,37.7166177
715,715,1774387,metro,Авиамоторная,55.7523119,37.7170683
716,716,1774388,metro,Авиамоторная,55.7519341,37.7174791
717,717,1774389,metro,Авиамоторная,55.7509368,37.7175141
718,718,1774390,metro,Авиамоторная,55.7509721,37.717731
719,719,1774391,metro,Авиамоторная,55.7510688,37.7178218
720,720,1774392,metro,Волгоградский проспект,55.72486,37.688427
721,721,1774393,metro,Пролетарская,55.7316821,37.6640628
722,722,1774394,metro,Пролетарская,55.7315311,37.6642394
723,723,1774395,metro,Пролетарская,55.7314431,37.664315
724,724,1774399,metro,Беговая,55.7730204,37.548946
725,725,1774400,metro,Тушинская,55.8274301,37.4370025
726,726,2755484,metro,Спартак,55.8174959,37.43463
727,727,2755485,metro,Спартак,55.8175469,37.4340509
728,728,2755486,metro,Спартак,55.8171942,37.4339862
729,729,2755487,metro,Спартак,55.8171574,37.4345598
730,730,2755488,metro,Спартак,55.8195532,37.4355097
731,731,4131710,metro,Тропарёво,55.6461425,37.4735129
732,732,4131713,metro,Тропарёво,55.6465539,37.474398
733,733,4131714,metro,Тропарёво,55.6453196,37.4717578
734,734,4131715,metro,Тропарёво,55.6449484,37.4709532
735,735,4131716,metro,Тропарёво,55.6450545,37.4721169
736,736,4131717,metro,Тропарёво,55.6447182,37.4713839
737,737,4131718,metro,Тропарёво,55.64455,37.4727678
738,738,4131721,metro,Тропарёво,55.6442227,37.472059
739,739,4485043,metro,Пушкинская,55.7650181,37.6054893
740,740,4485044,metro,Пушкинская,55.7642656,37.6054464
741,741,4485045,metro,Пушкинская,55.765759,37.608766
742,742,4485046,metro,Пушкинская,55.764754,37.605901
743,743,4485047,metro,Пушкинская,55.765889,37.607881
744,744,25167550,metro,Котельники,55.6753333,37.8563054
745,745,25167617,metro,Котельники,55.6748635,37.8564195
746,746,25167669,metro,Котельники,55.674517,37.857287
747,747,25168097,metro,Котельники,55.6761333,37.8576946
748,748,25168171,metro,Котельники,55.67684,37.858087
749,749,25168277,metro,Котельники,55.6737847,37.8587337
750,750,25168320,metro,Котельники,55.6735212,37.8592766
751,751,59714991,metro,Бульвар Дмитрия Донского,55.568405,37.574941
752,752,59714994,metro,Чертановская,55.640318,37.605908
753,753,59714996,metro,Нагорная,55.672928,37.610909
754,754,59714998,metro,Тимирязевская,55.8193496,37.5762248
755,755,59715002,metro,Тимирязевская,55.818872,37.576113
756,756,59715004,metro,Марьина роща,55.793866,37.617087
757,757,59715007,metro,Дубровка,55.7178862,37.6770785
758,758,59715015,metro,Войковская,55.8179301,37.4981752
759,759,59715017,metro,Воробьёвы горы,55.7094701,37.5576425
760,760,59715019,metro,Лубянка,55.759845,37.625138
761,761,60817812,metro,Новые Черёмушки,55.6694562,37.5534261
762,762,60825992,metro,Павелецкая,55.7316865,37.6358771
763,763,60825995,metro,Киевская,55.7443435,37.567234
764,764,60825996,metro,Киевская,55.7441049,37.5669578
765,765,60825998,metro,Комсомольская,55.7773725,37.6579115
766,766,62781663,metro,Технопарк,55.692807,37.664749
767,767,62781717,metro,Технопарк,55.694716,37.66449
768,768,62781753,metro,Технопарк,55.694189,37.664115
769,769,62781780,metro,Технопарк,55.694489,37.663342
770,770,64023083,metro,Румянцево,55.632939,37.439908
771,771,64023099,metro,Румянцево,55.632964,37.443499
772,772,64601382,metro,Саларьево,55.621985,37.424599
773,773,64601385,metro,Саларьево,55.621627,37.424116
774,774,273329506,metro,Фонвизинская,55.822225,37.58941
775,775,273329508,metro,Бутырская,55.814106,37.601833
776,776,273329511,metro,Петровско-Разумовская,55.833251,37.573883
777,777,273329533,metro,Петровско-Разумовская,55.836629,37.575981
778,778,277933613,metro,Андроновка,55.746438,37.736613
779,779,278052767,metro,Андроновка,55.746034,37.737601
780,780,278052788,metro,Измайлово,55.788479,37.746192
781,781,278052796,metro,Измайлово,55.788392,37.743341
782,782,278052805,metro,Локомотив,55.803199,37.745779
783,783,278052815,metro,Локомотив,55.802735,37.745116
784,784,278052824,metro,Бульвар Рокоссовского,55.815836,37.737614
785,785,278052831,metro,Белокаменная,55.829815,37.702533
786,786,278052839,metro,Белокаменная,55.829128,37.701823
787,787,278052846,metro,Ростокино,55.839267,37.669025
788,788,278052855,metro,Ростокино,55.838983,37.668708
789,789,278052875,metro,Владыкино,55.848215,37.590832
790,790,278052884,metro,Владыкино,55.846329,37.589783
791,791,278052893,metro,Окружная,55.848466,37.572741
792,792,278052902,metro,Верхние Котлы,55.69013,37.618022
793,793,278052911,metro,ЗИЛ,55.699421,37.648603
794,794,278052918,metro,ЗИЛ,55.698447,37.650607
795,795,278052926,metro,Автозаводская,55.705366,37.662899
796,796,278052933,metro,Автозаводская,55.705993,37.660571
797,797,278052942,metro,Угрешская,55.717481,37.695995
798,798,278052950,metro,Угрешская,55.717972,37.695652
799,799,278052959,metro,Угрешская,55.718487,37.694644
800,800,278052968,metro,Новохохловская,55.724616,37.717679
801,801,278052976,metro,Новохохловская,55.724243,37.71803
802,802,278053030,metro,Дубровка,55.712016,37.67654
803,803,278053037,metro,Дубровка,55.712889,37.67554
804,804,278053044,metro,Окружная,55.848789,37.572848
805,805,278053052,metro,Лихоборы,55.846922,37.553611
806,806,278053061,metro,Лихоборы,55.848437,37.552485
807,807,278053069,metro,Балтийская,55.825623,37.493991
808,808,278053077,metro,Стрешнево,55.812629,37.488079
809,809,278053091,metro,Шелепиха,55.756268,37.525104
810,810,278053118,metro,Кутузовская,55.739566,37.534021
811,811,278053126,metro,Лужники,55.72088,37.560927
812,812,278053131,metro,Площадь Гагарина,55.706911,37.586713
813,813,278053142,metro,Крымская,55.689973,37.606426
814,814,278053150,metro,Крымская,55.690291,37.604996
815,815,278053159,metro,Верхние Котлы,55.689873,37.618185
816,816,278588211,metro,Шоссе Энтузиастов,55.758882,37.748493
817,817,278596532,metro,Шоссе Энтузиастов,55.758792,37.745428
818,818,278604450,metro,Ботанический сад,55.845864,37.639684
819,819,278612924,metro,Ботанический сад,55.845328,37.639685
820,820,278621397,metro,Хорошёво,55.776923,37.507364
821,821,278633910,metro,Деловой центр,55.747781,37.531719
822,822,278640770,metro,Деловой центр,55.747921,37.532985
823,823,278654599,metro,Площадь Гагарина,55.707035,37.586019
824,824,278661855,metro,Соколиная Гора,55.770326,37.747759
825,825,278668873,metro,Соколиная Гора,55.770252,37.748201
826,826,278675957,metro,Соколиная Гора,55.770137,37.746088
827,827,278681837,metro,Соколиная Гора,55.7699209,37.7450907
828,828,328188244,metro,Минская,55.723626,37.498177
829,829,328188245,metro,Минская,55.72346,37.497627
830,830,328188515,metro,Раменки,55.696806,37.497911
831,831,328188516,metro,Раменки,55.696361,37.49716
832,832,328188519,metro,Раменки,55.696873,37.496259
833,833,328188520,metro,Раменки,55.6971,37.496672
834,834,328188523,metro,Раменки,55.698485,37.49927
835,835,328188526,metro,Раменки,55.698797,37.499855
836,836,328188532,metro,Ломоносовский проспект,55.705405,37.513423
837,837,328188534,metro,Ломоносовский проспект,55.705872,37.512549
838,838,328188535,metro,Ломоносовский проспект,55.706777,37.514524
839,839,328188536,metro,Ломоносовский проспект,55.707613,37.518038
840,840,328188538,metro,Ломоносовский проспект,55.707311,37.517277
841,841,328188540,metro,Парк Победы,55.737099,37.515447
842,842,423632194,metro,Пушкинская,55.766041,37.604157
843,843,832654654,metro,Ховрино,55.877286,37.482345
844,844,832654656,metro,Ховрино,55.87751,37.481513
845,845,836666220,metro,Ховрино,55.879294,37.480658
846,846,851012099,metro,Петровский парк,55.792679,37.558749
847,847,851013127,metro,Петровский парк,55.792257,37.55833
848,848,851025878,metro,Петровский парк,55.790692,37.556103
849,849,851030947,metro,ЦСКА,55.785736,37.532015
850,850,851047140,metro,ЦСКА,55.787356,37.534268
851,851,851048066,metro,Хорошёвская,55.777371,37.517028
852,852,851048621,metro,Хорошёвская,55.776995,37.521915
853,853,851050946,metro,Шелепиха,55.755967,37.52441
854,854,851051483,metro,Шелепиха,55.757782,37.52323
855,855,859914522,metro,Окружная,55.844388,37.576419
856,856,859914548,metro,Окружная,55.844714,37.576221
857,857,859914553,metro,Окружная,55.847276,37.573724
858,858,859914565,metro,Верхние Лихоборы,55.854575,37.561126
859,859,859914570,metro,Верхние Лихоборы,55.857366,37.559627
860,860,859914597,metro,Верхние Лихоборы,55.857765,37.559982
861,861,859914619,metro,Верхние Лихоборы,55.857508,37.560684
862,862,859914634,metro,Селигерская,55.865397,37.548314
863,863,859914643,metro,Селигерская,55.866015,37.548062
864,864,859914656,metro,Селигерская,55.86549,37.546566
865,865,859914666,metro,Селигерская,55.865189,37.54589
866,866,886135230,metro,Мичуринский проспект,55.689594,37.483401
867,867,886135271,metro,Мичуринский проспект,55.68856,37.483989
868,868,886135291,metro,Озерная,55.671377,37.450153
869,869,886135317,metro,Озерная,55.671623,37.450714
870,870,886135393,metro,Озерная,55.670665,37.451291
871,871,886135443,metro,Озерная,55.670413,37.447595
872,872,886135457,metro,Говорово,55.65934,37.41877
873,873,886135472,metro,Говорово,55.659355,37.417912
874,874,886135482,metro,Говорово,55.659361,37.415686
875,875,886135498,metro,Говорово,55.659387,37.416347
876,876,886135518,metro,Солнцево,55.650061,37.391905
877,877,886135534,metro,Солнцево,55.648598,37.389874
878,878,886135571,metro,Солнцево,55.648455,37.390365
879,879,886135588,metro,Боровское шоссе,55.648399,37.371789
880,880,886135614,metro,Боровское шоссе,55.647142,37.368589
881,881,886135618,metro,Новопеределкино,55.640613,37.356337
882,882,886135644,metro,Новопеределкино,55.640068,37.356265
883,883,886135664,metro,Новопеределкино,55.638905,37.35345
884,884,886135675,metro,Новопеределкино,55.638629,37.35396
885,885,886135690,metro,Рассказовка,55.634202,37.334769
886,886,886135701,metro,Рассказовка,55.634309,37.335603
887,887,886135715,metro,Рассказовка,55.634466,37.33659
888,888,886135751,metro,Рассказовка,55.633872,37.332704
889,889,886135788,metro,Рассказовка,55.633998,37.333584
890,890,904474390,metro,Беломорская,55.865217,37.475089
891,891,904474391,metro,Беломорская,55.865504,37.47621
892,892,906044451,metro,Зорге,55.789005,37.50252
893,893,906044607,metro,Зорге,55.789452,37.507018
894,894,906044609,metro,Панфиловская,55.797227,37.498397
895,895,906044634,metro,Панфиловская,55.798441,37.499876
896,896,906044635,metro,Коптево,55.840923,37.520884
897,897,906044636,metro,Коптево,55.839702,37.522684
898,898,906044651,metro,Савеловская,55.794205,37.588813
899,899,906044703,metro,Савёловская,55.794021,37.589725
900,900,929924145,metro,Лухмановская,55.709424,37.896188
901,901,929924163,metro,Лухмановская,55.709702,37.896687
902,902,929924185,metro,Лухмановская,55.709642,37.897175
903,903,929925061,metro,Лухмановская,55.708211,37.902522
904,904,929926594,metro,Некрасовка,55.702648,37.929124
905,905,929926979,metro,Некрасовка,55.703822,37.924331
906,906,929927037,metro,Некрасовка,55.704604,37.925329
907,907,929927050,metro,Некрасовка,55.70193,37.930519
908,908,929929844,metro,Некрасовка,55.701667,37.930165
909,909,929929871,metro,Некрасовка,55.702406,37.928711
910,910,929929894,metro,Некрасовка,55.703801,37.926917
911,911,929929920,metro,Некрасовка,55.703486,37.926477
912,912,929930292,metro,Некрасовка,55.703153,37.925678
913,913,929930849,metro,Некрасовка,55.70328,37.925399
914,914,929931462,metro,Некрасовка,55.703683,37.924573
915,915,929932310,metro,улица Дмитриевского,55.710814,37.877554
916,916,929932634,metro,улица Дмитриевского,55.710847,37.878113
917,917,929932641,metro,улица Дмитриевского,55.710886,37.879491
918,918,930071451,metro,Филатов луг,55.601421,37.409191
919,919,930071455,metro,Филатов луг,55.600717,37.406981
920,920,930071460,metro,Прокшино,55.587048,37.433325
921,921,930071468,metro,Прокшино,55.58624,37.432091
922,922,930071478,metro,Ольховая,55.568309,37.459612
923,923,930071482,metro,Коммунарка,55.559825,37.470416
924,924,930071489,metro,Коммунарка,55.560132,37.469832
925,925,930071511,metro,Коммунарка,55.559688,37.468834
926,926,930071523,metro,Коммунарка,55.559439,37.468212
927,927,930238047,metro,Косино,55.702815,37.850991
928,928,930240593,metro,Косино,55.704281,37.850286
929,929,1032937413,metro,Спортивная,55.7239984,37.5655148
930,930,1032937415,metro,Кропоткинская,55.7450636,37.6016736
931,931,1032937417,metro,Комсомольская,55.7774812,37.6568976
932,932,1032937419,metro,Октябрьская,55.7294594,37.6109171
933,933,1032991449,metro,Юго-Восточная,55.7051263,37.8179072
934,934,1032991450,metro,Юго-Восточная,55.7057866,37.81782137
935,935,1032991451,metro,Юго-Восточная,55.7056321,37.81648563
936,936,1032991456,metro,Юго-Восточная,55.7058745,37.81682895
937,937,1032991458,metro,Окская,55.7187253,37.78048645
938,938,1032991459,metro,Окская,55.7190917,37.78106045
939,939,1032991460,metro,Окская,55.7194671,37.78131257
940,940,1032991461,metro,Окская,55.7186004,37.78217712
941,941,1032991462,metro,Стахановская,55.7274658,37.75292723
942,942,1032991463,metro,Стахановская,55.7271873,37.75149493
943,943,1032991511,metro,Нижегородская,55.732024,37.729302
944,944,1032991592,metro,Лефортово,55.7644639,37.70492863
945,945,1034720951,metro,Фонвизинская,55.82173,37.589056
946,946,1034721000,metro,Фонвизинская,55.823595,37.586074
947,947,1034721026,metro,Фонвизинская,55.824017,37.586546
948,948,1034721029,metro,Ховрино,55.8785425,37.4800019
949,949,1034721036,metro,Ховрино,55.8780027,37.4802943
950,950,1034721044,metro,Хорошёво,55.777711,37.506481
951,951,1034721055,metro,Хорошёвская,55.777926,37.520828
952,952,1034721184,metro,Шелепиха,55.756705,37.525967
953,953,1034752102,metro,Авиамоторная,55.7532463,37.71947796
954,954,1035316206,metro,Бутырская,55.812523,37.604347
955,955,1035316210,metro,Измайлово,55.788461,37.742729
956,956,1035316211,metro,Измайловская,55.78762,37.783228
957,957,1035316212,metro,Измайловская,55.787611,37.780152
958,958,1035316213,metro,Измайловская,55.7878,37.780143
959,959,1035316215,metro,Лихоборы,55.8470851,37.5534097
960,960,1035316216,metro,Лихоборы,55.848434,37.5518169
961,961,1035316217,metro,Ломоносовский проспект,55.706276,37.5154001
962,962,1035316218,metro,Маяковская,55.769445,37.597239
963,963,1035316219,metro,Международная,55.747889,37.533603
964,964,1035316220,metro,Международная,55.747474,37.534391
965,965,1035316221,metro,Международная,55.747751,37.535759
966,966,1035316222,metro,Международная,55.7487137,37.533334
967,967,1035316228,metro,Нижегородская,55.732786,37.730478
968,968,1035316232,metro,Раменки,55.698424,37.500945
969,969,1035316233,metro,Саларьево,55.621387,37.422748
970,970,1035316234,metro,Саларьево,55.621721,37.421949
971,971,1035316235,metro,Саларьево,55.621627,37.422603
972,972,1035316236,metro,Саларьево,55.621642,37.421745
973,973,1035316237,metro,Саларьево,55.62118,37.422426
974,974,1035316238,metro,Саларьево,55.621575,37.421498
975,975,1035316239,metro,Саларьево,55.621068,37.422276
976,976,1035316240,metro,Саларьево,55.621514,37.421235
977,977,1035316242,metro,Стахановская,55.7271873,37.75149493
978,978,1035316243,metro,Стрешнево,55.8121761,37.4860835
979,979,1035316244,metro,Стрешнево,55.8145411,37.4872291
980,980,1035316245,metro,Технопарк,55.694192,37.664576
981,981,1035316246,metro,Технопарк,55.694552,37.665751
982,982,1035316247,metro,Технопарк,55.694643,37.667103
983,983,1035316248,metro,Технопарк,55.694468,37.667081
984,984,1035316250,metro,Фонвизинская,55.823595,37.586074
985,985,1035316254,metro,Ховрино,55.8769,37.4816
986,986,1047572669,metro,Балтийская,55.82455,37.49516
987,987,1047573174,metro,Беговая,55.77326,37.54897
988,988,1047573572,metro,Боровское шоссе,55.6481824,37.3712129
989,989,1047574240,metro,Бутырская,55.814164,37.600916
990,990,1047574831,metro,Бутырская,55.812336,37.603875
991,991,1047576705,metro,Деловой центр,55.748201,37.538825
992,992,1047577033,metro,Деловой центр,55.748843,37.538761
993,993,1047577769,metro,Домодедовская,55.611412,37.717847
994,994,1047581058,metro,Домодедовская,55.6111175,37.716677
995,995,1047583491,metro,Кутузовская,55.7402238,37.533477
996,996,1047583839,metro,Ломоносовский проспект,55.706276,37.5154001
997,997,1047584021,metro,Международная,55.747889,37.533603
998,998,1047585953,metro,Мякинино,55.825916,37.386565
999,999,1047586011,metro,Отрадное,55.864361,37.6045907
1000,1000,1047586162,metro,Отрадное,55.8639387,37.6060552
1001,1001,1047586871,metro,Петровско-Разумовская,55.833272,37.572543
1002,1002,1048055808,metro,Печатники,55.692846,37.7283267
1003,1003,1048056549,metro,Соколиная Гора,55.7699209,37.7450907
1004,1004,1048056812,metro,Солнцево,55.6506675,37.3924585
1005,1005,1048057530,metro,Стрешнево,55.8121761,37.4860835
1006,1006,1048061984,metro,Нижегородская,55.731221,37.730364
1007,1007,1048062917,metro,Нижегородская,55.730876,37.730975
1008,1008,1048062921,metro,Нижегородская,55.73074,37.731592
1009,1009,1048091862,metro,Нижегородская,55.732877,37.730672
1010,1010,1048091868,metro,Нижегородская,55.733506,37.730855
1011,1011,1048314798,metro,Аннино,55.5837,37.59791
1012,1012,1056441570,metro,Марьино,55.6489065,37.7439623
1013,1013,1056492949,metro,Дубровка,55.711591,37.676646
